{"cameraMode":{"drawMode":0,"name":"Shaded","section":"Shading Mode"},"sceneLighting":false,"audioPlay":false,"sceneViewState":{"m_AlwaysRefresh":false,"showFog":true,"showSkybox":false,"showFlares":true,"showImageEffects":true,"showParticleSystems":true,"showVisualEffectGraphs":true,"m_FxEnabled":true},"in2DMode":false,"pivot":{"x":-3.725290298461914e-9,"y":1.4901161193847657e-8,"z":0.12077125906944275},"rotation":{"x":-0.11050241440534592,"y":0.8591114282608032,"z":-0.20914806425571443,"w":-0.4538481533527374},"size":0.12454171478748322,"orthographic":false}