{"cameraMode":{"drawMode":0,"name":"Shaded","section":"Shading Mode"},"sceneLighting":false,"audioPlay":false,"sceneViewState":{"m_AlwaysRefresh":false,"showFog":true,"showSkybox":true,"showFlares":true,"showImageEffects":true,"showParticleSystems":true,"showVisualEffectGraphs":true,"m_FxEnabled":true},"in2DMode":false,"pivot":{"x":-0.7472939491271973,"y":6.725646495819092,"z":-9.032183647155762},"rotation":{"x":0.38472044467926028,"y":-0.02778332307934761,"z":0.011558732949197293,"w":0.9225427508354187},"size":36.510284423828128,"orthographic":false}