{"cameraMode":{"drawMode":0,"name":"Shaded","section":"Shading Mode"},"sceneLighting":true,"audioPlay":false,"sceneViewState":{"m_AlwaysRefresh":false,"showFog":true,"showSkybox":true,"showFlares":true,"showImageEffects":true,"showParticleSystems":true,"showVisualEffectGraphs":true,"m_FxEnabled":true},"in2DMode":false,"pivot":{"x":-100.3801498413086,"y":16.593433380126954,"z":-134.17999267578126},"rotation":{"x":-0.09432673454284668,"y":0.6822343468666077,"z":0.08963103592395783,"w":0.7193677425384522},"size":0.7606695890426636,"orthographic":false}