{"cameraMode":{"drawMode":0,"name":"Shaded","section":"Shading Mode"},"sceneLighting":false,"audioPlay":false,"sceneViewState":{"m_AlwaysRefresh":false,"showFog":true,"showSkybox":false,"showFlares":true,"showImageEffects":true,"showParticleSystems":true,"showVisualEffectGraphs":true,"m_FxEnabled":true},"in2DMode":false,"pivot":{"x":-8.328360557556153,"y":0.7673479318618774,"z":-0.44072046875953677},"rotation":{"x":0.4344017803668976,"y":-0.00944577343761921,"z":0.004578810650855303,"w":0.9006641507148743},"size":1.1340800523757935,"orthographic":false}