{"cameraMode":{"drawMode":0,"name":"Shaded","section":"Shading Mode"},"sceneLighting":false,"audioPlay":false,"sceneViewState":{"m_AlwaysRefresh":false,"showFog":true,"showSkybox":false,"showFlares":true,"showImageEffects":true,"showParticleSystems":true,"showVisualEffectGraphs":true,"m_FxEnabled":true},"in2DMode":false,"pivot":{"x":-4.848109722137451,"y":2.5243358612060549,"z":-5.126306533813477},"rotation":{"x":0.0002870218304451555,"y":0.9502623677253723,"z":-0.31154680252075198,"w":0.0012171912239864469},"size":8.017632484436036,"orthographic":false}