{"cameraMode":{"drawMode":0,"name":"Shaded","section":"Shading Mode"},"sceneLighting":true,"audioPlay":false,"sceneViewState":{"m_AlwaysRefresh":false,"showFog":true,"showSkybox":true,"showFlares":true,"showImageEffects":true,"showParticleSystems":true,"showVisualEffectGraphs":true,"m_FxEnabled":true},"in2DMode":false,"pivot":{"x":-3.036620616912842,"y":-5.690186500549316,"z":20.293384552001954},"rotation":{"x":-0.17309026420116425,"y":-0.061418190598487857,"z":0.01081625372171402,"w":-0.9829245805740356},"size":21.12738037109375,"orthographic":false}